{"title":"simple_quarto_website","markdown":{"yaml":{"title":"simple_quarto_website"},"headingText":"Introduction","containsRefs":false,"markdown":"\n\nThis is a Quarto website.\n\nTo learn more about Quarto websites visit <https://quarto.org/docs/websites>.\n\n\nThis is the introduction section.\n\n## Section 1\nThis is the content of Section 1.\n\n### Subsection 1.1\nThis is the content of Subsection 1.1.\n\n## Section 2\nThis is the content of Section 2.\n\n\n<div class=\"columns\">\n  <div class=\"column\">\n    Left column text.\n  </div>\n  <div class=\"column\">\n    Right column text.\n  </div>\n</div>\n\n\n- Item 1\n- Item 2\n- Item 3\n\n\n| Header 1 | Header 2 |\n| -------- | -------- |\n| Row 1    | Row 1    |\n| Row 2    | Row 2    |\n\nThis is an inline equation: $E=mc^2$.\n\n:::{#table-of-contents}\n:::\n\n\n$$\n\\frac{a}{b} = \\frac{c}{d}\n$$  \n\nThis is some text with a footnote[^1].\n\n[^1]: This is the footnote text.\n\n> This is a block quote.\n\n![Image 1](![Image 1](desktop/Screen Shot/model1.jpg)\n)\n\n![Image 2](images/image2.jpg)\n\n<iframe width=\"560\" height=\"315\" src=\"https://www.youtube.com/embed/your_video_id\" frameborder=\"0\" allowfullscreen></iframe>\n\n```mermaid\ngraph TD;\n  A-->B;\n  A-->C;\n  B-->D;\n  C-->D;\n```\n\n\nSome text that cites a reference [@article1].\n\n\n","srcMarkdownNoYaml":"\n\nThis is a Quarto website.\n\nTo learn more about Quarto websites visit <https://quarto.org/docs/websites>.\n\n\n# Introduction\nThis is the introduction section.\n\n## Section 1\nThis is the content of Section 1.\n\n### Subsection 1.1\nThis is the content of Subsection 1.1.\n\n## Section 2\nThis is the content of Section 2.\n\n\n<div class=\"columns\">\n  <div class=\"column\">\n    Left column text.\n  </div>\n  <div class=\"column\">\n    Right column text.\n  </div>\n</div>\n\n\n- Item 1\n- Item 2\n- Item 3\n\n\n| Header 1 | Header 2 |\n| -------- | -------- |\n| Row 1    | Row 1    |\n| Row 2    | Row 2    |\n\nThis is an inline equation: $E=mc^2$.\n\n:::{#table-of-contents}\n:::\n\n\n$$\n\\frac{a}{b} = \\frac{c}{d}\n$$  \n\nThis is some text with a footnote[^1].\n\n[^1]: This is the footnote text.\n\n> This is a block quote.\n\n![Image 1](![Image 1](desktop/Screen Shot/model1.jpg)\n)\n\n![Image 2](images/image2.jpg)\n\n<iframe width=\"560\" height=\"315\" src=\"https://www.youtube.com/embed/your_video_id\" frameborder=\"0\" allowfullscreen></iframe>\n\n```mermaid\ngraph TD;\n  A-->B;\n  A-->C;\n  B-->D;\n  C-->D;\n```\n\n\nSome text that cites a reference [@article1].\n\n\n"},"formats":{"html":{"identifier":{"display-name":"HTML","target-format":"html","base-format":"html"},"execute":{"fig-width":7,"fig-height":5,"fig-format":"retina","fig-dpi":96,"df-print":"default","error":false,"eval":true,"cache":null,"freeze":false,"echo":true,"output":true,"warning":true,"include":true,"keep-md":false,"keep-ipynb":false,"ipynb":null,"enabled":null,"daemon":null,"daemon-restart":false,"debug":false,"ipynb-filters":[],"engine":"markdown"},"render":{"keep-tex":false,"keep-source":false,"keep-hidden":false,"prefer-html":false,"output-divs":true,"output-ext":"html","fig-align":"default","fig-pos":null,"fig-env":null,"code-fold":"none","code-overflow":"scroll","code-link":false,"code-line-numbers":false,"code-tools":false,"tbl-colwidths":"auto","merge-includes":true,"inline-includes":false,"preserve-yaml":false,"latex-auto-mk":true,"latex-auto-install":true,"latex-clean":true,"latex-max-runs":10,"latex-makeindex":"makeindex","latex-makeindex-opts":[],"latex-tlmgr-opts":[],"latex-input-paths":[],"latex-output-dir":null,"link-external-icon":false,"link-external-newwindow":false,"self-contained-math":false,"format-resources":[],"notebook-links":true,"format-links":true},"pandoc":{"standalone":true,"wrap":"none","default-image-extension":"png","to":"html","css":["styles.css"],"toc":true,"output-file":"index.html"},"language":{"toc-title-document":"Table of contents","toc-title-website":"On this page","related-formats-title":"Other Formats","related-notebooks-title":"Notebooks","source-notebooks-prefix":"Source","section-title-abstract":"Abstract","section-title-appendices":"Appendices","section-title-footnotes":"Footnotes","section-title-references":"References","section-title-reuse":"Reuse","section-title-copyright":"Copyright","section-title-citation":"Citation","appendix-attribution-cite-as":"For attribution, please cite this work as:","appendix-attribution-bibtex":"BibTeX citation:","title-block-author-single":"Author","title-block-author-plural":"Authors","title-block-affiliation-single":"Affiliation","title-block-affiliation-plural":"Affiliations","title-block-published":"Published","title-block-modified":"Modified","callout-tip-title":"Tip","callout-note-title":"Note","callout-warning-title":"Warning","callout-important-title":"Important","callout-caution-title":"Caution","code-summary":"Code","code-tools-menu-caption":"Code","code-tools-show-all-code":"Show All Code","code-tools-hide-all-code":"Hide All Code","code-tools-view-source":"View Source","code-tools-source-code":"Source Code","code-line":"Line","code-lines":"Lines","copy-button-tooltip":"Copy to Clipboard","copy-button-tooltip-success":"Copied!","repo-action-links-edit":"Edit this page","repo-action-links-source":"View source","repo-action-links-issue":"Report an issue","back-to-top":"Back to top","search-no-results-text":"No results","search-matching-documents-text":"matching documents","search-copy-link-title":"Copy link to search","search-hide-matches-text":"Hide additional matches","search-more-match-text":"more match in this document","search-more-matches-text":"more matches in this document","search-clear-button-title":"Clear","search-detached-cancel-button-title":"Cancel","search-submit-button-title":"Submit","search-label":"Search","toggle-section":"Toggle section","toggle-sidebar":"Toggle sidebar navigation","toggle-dark-mode":"Toggle dark mode","toggle-reader-mode":"Toggle reader mode","toggle-navigation":"Toggle navigation","crossref-fig-title":"Figure","crossref-tbl-title":"Table","crossref-lst-title":"Listing","crossref-thm-title":"Theorem","crossref-lem-title":"Lemma","crossref-cor-title":"Corollary","crossref-prp-title":"Proposition","crossref-cnj-title":"Conjecture","crossref-def-title":"Definition","crossref-exm-title":"Example","crossref-exr-title":"Exercise","crossref-ch-prefix":"Chapter","crossref-apx-prefix":"Appendix","crossref-sec-prefix":"Section","crossref-eq-prefix":"Equation","crossref-lof-title":"List of Figures","crossref-lot-title":"List of Tables","crossref-lol-title":"List of Listings","environment-proof-title":"Proof","environment-remark-title":"Remark","environment-solution-title":"Solution","listing-page-order-by":"Order By","listing-page-order-by-default":"Default","listing-page-order-by-date-asc":"Oldest","listing-page-order-by-date-desc":"Newest","listing-page-order-by-number-desc":"High to Low","listing-page-order-by-number-asc":"Low to High","listing-page-field-date":"Date","listing-page-field-title":"Title","listing-page-field-description":"Description","listing-page-field-author":"Author","listing-page-field-filename":"File Name","listing-page-field-filemodified":"Modified","listing-page-field-subtitle":"Subtitle","listing-page-field-readingtime":"Reading Time","listing-page-field-categories":"Categories","listing-page-minutes-compact":"{0} min","listing-page-category-all":"All","listing-page-no-matches":"No matching items"},"metadata":{"lang":"en","fig-responsive":true,"quarto-version":"1.3.450","theme":"cosmo","title":"simple_quarto_website"},"extensions":{"book":{"multiFile":true}}}},"projectFormats":["html"]}